{
  "A.F.A.L.P.": "A.F.A.L.P. A",
  "A.F.A.L.P. \"A\"": "A.F.A.L.P. A",
  "A.F.A.L.P.  B": "A.F.A.L.P. B",
  "ALEJANDRO KORN": "CLUB SOCIAL ALEJANDRO KORN",
  "CLUB  SOCIAL  ALEJANDRO  KORN": "CLUB SOCIAL ALEJANDRO KORN",
  "ALEM": "LEANDRO N ALEM",
  "ALEM LEANDRO N": "LEANDRO N ALEM",
  "ALEM LEANDRO N.": "LEANDRO N ALEM",
  "ALL BOYS": "ALL BOYS BLANCO",
  "ALL BOYS SAAVEDRA": "ALL BOYS DE SAAVEDRA",
  "U.GRAL.ARMENIA": "ARMENIA",
  "ARQUITECTURA": "ARQUITECTURA NEGRO",
  "ATENEO P. VERSAILLES": "APV",
  "ATENEO P.VERSAILLES": "APV",
  "ARGENTINOS JRS.": "ARGENTINOS JUNIORS",
  "ARGENTINO DE CASTELAR SUR": "ARGENTINO DE CASTELAR CENTRO",
  "ARGENTINOS DE CASTELAR B": "ARGENTINO DE CASTELAR CENTRO",
  "ARGENTINO DE CASTELAR A": "ARGENTINO DE CASTELAR NORTE",
  "ARGENTINOS DE CASTELAR": "ARGENTINO DE CASTELAR NORTE",
  "ARGENTINOS DE CASTELAR A": "ARGENTINO DE CASTELAR NORTE",
  "ATL.BOULOGNE": "ATLETICO BOULOGNE",
  "BA.NA.DE": "BANADE",
  "BA.NA.DE.": "BANADE",
  "BCO.NACION": "BANCO NACIÓN",
  "BANCO NACION": "BANCO NACIÓN",
  "BERNAL": "CLUB ATLETICO BERNAL",
  "BOCA JUNIORS \"B\"": "BOCA JUNIORS AMARILLO",
  "BOCA JUNIORS  \"B\"": "BOCA JUNIORS AMARILLO",
  "BOCA JUNIORS B": "BOCA JUNIORS AMARILLO",
  "BOCA JUNIORS \"AMARILLO\"": "BOCA JUNIORS AMARILLO",
  "BOCA JUNIORS  \"AMARILLO\"": "BOCA JUNIORS AMARILLO",
  "BOCA JUNIORS": "BOCA JUNIORS AZUL",
  "BOCA JUNIORS \"A\"": "BOCA JUNIORS AZUL",
  "BOCA JUNIORS \"AZUL\"": "BOCA JUNIORS AZUL",
  "BURZACO F.C.": "BURZACO FC A",
  "BURZACO FC": "BURZACO FC A",
  "BURZACO F.C. B": "BURZACO FC B",
  "BURZACO FC  B": "BURZACO FC B",
  "C.A.S.A DE PADUA": "C.A.S.A PADUA A",
  "C.A.S.A PADUA": "C.A.S.A PADUA A",
  "S.A.DE PADUA": "C.A.S.A PADUA A",
  "S.A.DE PADUA B": "C.A.S.A PADUA B",
  "CAÑUELAS FC - PREMINI": "CAÑUELAS FC",
  "CAÑUELAS FC - MINI": "CAÑUELAS FC",
  "CAÑUELAS FC - SUB 13": "CAÑUELAS FC",
  "CAÑUELAS FC - SUB 15": "CAÑUELAS FC",
  "CAÑUELAS FC - SUB 17": "CAÑUELAS FC",
  "CAÑUELAS FC - SUB 19": "CAÑUELAS FC",
  "CAÑUELAS FC - SUB19": "CAÑUELAS FC",
  "CAÑUELAS - PREMINI": "CAÑUELAS FC",
  "CAÑUELAS - MINI": "CAÑUELAS FC",
  "CAÑUELAS - SUB 13": "CAÑUELAS FC",
  "CAÑUELAS - SUB 15": "CAÑUELAS FC",
  "CAÑUELAS - SUB 17": "CAÑUELAS FC",
  "CAÑUELAS - SUB 19": "CAÑUELAS FC",
  "CAÑUELAS - SUB19": "CAÑUELAS FC",
  "CANUELAS F.C.": "CAÑUELAS FC",
  "CAÑUELAS FC-SUB 17": "CAÑUELAS FC",
  "CAZA Y PESCA": "CAZA Y PESCA A",
  "CIUDAD DE BUENOS AIRES": "CIUDAD DE BUENOS AIRES A",
  "CIUDAD DE BS.AS.": "CIUDAD DE BUENOS AIRES A",
  "CIUDAD DE BS.AS. B": "CIUDAD DE BUENOS AIRES B",
  "CLUB 12 DE OCTUBRE": "CLUB 12 DE OCTUBRE",
  "12 DE OCTUBRE": "CLUB 12 DE OCTUBRE",
  "CLUB GEI AZUL": "Club GEI AZUL",
  "GIMNASIA Y ESGRIMA DE ITUZAINGO": "Club GEI AZUL",
  "GIMNASIA ESGRIMA DE ITUZAINGO": "Club GEI AZUL",
  "GIMNASIA ESGRIMA DE ITUZAIGO": "Club GEI AZUL",
  "GEI AZUL": "Club GEI AZUL",
  "G.E.ITUZAINGO": "Club GEI AZUL",
  "GEI BLANCO": "Club GEI BLANCO",
  "GIMNASIA Y ESGRIMA DE ITUZAINGO B": "Club GEI BLANCO",
  "GIMNASIA ESGRIMA DE ITUZAINGO B": "Club GEI BLANCO",
  "G.E.ITUZAINGO B": "Club GEI BLANCO",
  "GEI B": "Club GEI BLANCO",
  "G Y E DE ITUZAINGO B": "Club GEI BLANCO",
  "G Y E DE ITUZAINGO  B": "Club GEI BLANCO",
  "CLUB GIMNASIA Y ESGRIMA LA PLATA": "CLUB GIMNASIA Y ESGRIMA LA PLATA AZUL",
  "CLUB PORTUGUES": "CLUB PORTUGUES DEL GRAN BUENOS AIRES",
  "CLUB SOCIAL EZEIZA": "CLUB SOCIAL EZEIZA",
  "CLUB SOCIAL Y ATLETICO EZEIZA": "CLUB SOCIAL EZEIZA",
  "CLUB TRES DE FEBRERO AZUL": "CLUB TRES DE FEBRERO AZUL",
  "CLUB 3 DE FEBRERO AZUL": "CLUB TRES DE FEBRERO AZUL",
  "TRES DE FEBRERO B": "CLUB TRES DE FEBRERO AZUL",
  "CLUB TRES DE FEBRERO BLANCO": "CLUB TRES DE FEBRERO BLANCO",
  "CLUB 3 DE FEBRERO BLANCO": "CLUB TRES DE FEBRERO BLANCO",
  "TRES DE FEBRERO": "CLUB TRES DE FEBRERO BLANCO",
  "COLEGIALES A": "COLEGIALES BLANCO",
  "CLUB COLEGIALES A": "COLEGIALES BLANCO",
  "COLEGIALES B": "COLEGIALES NEGRO",
  "CLUB COLEGIALES B": "COLEGIALES NEGRO",
  "COLON F.C.": "COLON FC",
  "COMUNICACIONES": "COMUNICACIONES",
  "COOP DE TORTUGUITAS": "COOPERATIVA TORTUGUITAS",
  "TORTUGUITAS BASKET": "COOPERATIVA TORTUGUITAS",
  "COOPERARIOS DE QUILMES": "COOPERARIOS",
  "COPELLO": "COPELLO",
  "COLEGIO COPELLO": "COPELLO",
  "COUNTRY C.I.B.": "COUNTRY BANFIELD",
  "DEF. BANFIELD": "DEFENSORES DE BANFIELD",
  "DEF.BANFIELD": "DEFENSORES DE BANFIELD",
  "DEF.DE S.LUGARES": "DEFENSORES DE SANTOS LUGARES",
  "DEFENSORES DE HURLINGHAM": "DEFENSORES DE HURLINGHAM VERDE",
  "DEF.DE HURLINGHAM": "DEFENSORES DE HURLINGHAM VERDE",
  "DEF.HURLINGHAM": "DEFENSORES DE HURLINGHAM VERDE",
  "DEPORTIVO SAN ANDRES": "DEPORTIVO SAN ANDRES",
  "CLUB DEPORTIVO SAN ANDRES": "DEPORTIVO SAN ANDRES",
  "CLUB DEPORTIVO SAN ANDRÉS": "DEPORTIVO SAN ANDRES",
  "DEP.MORON BLANCO": "DEP. MORON BLANCO",
  "DEPORTIVO MORON": "DEP. MORON BLANCO",
  "DEPORTIVO MORON - MINI": "DEP. MORON BLANCO",
  "DEPORTIVO MORON - PREMINI": "DEP. MORON BLANCO",
  "DEPORTIVO MORON B - MINI": "DEP. MORON ROJO",
  "DEPORTIVO MORON B - PREMINI": "DEP. MORON ROJO",
  "DEPORTIVO MORON B - SUB 13": "DEP. MORON ROJO",
  "DEPORTIVO MORON B - SUB 15": "DEP. MORON ROJO",
  "DEPORTIVO MORON B - SUB 17": "DEP. MORON ROJO",
  "DEPORTIVO MORON B -SUB 17": "DEP. MORON ROJO",
  "DEPORTIVO MORON B - SUB 19": "DEP. MORON ROJO",
  "DEPORTIVO MORON B": "DEP. MORON ROJO",
  "DEP.MORON ROJO": "DEP. MORON ROJO",
  "CLUB ATLETICO EL PALOMAR": "EL PALOMAR",
  "EL TALAR A": "EL TALAR",
  "ESTUDIANTIL PORTENO": "ESTUDIANTIL PORTEÑO A",
  "ESTUDIANTIL PORTEÑO \"A\"": "ESTUDIANTIL PORTEÑO A",
  "ESTUDIANTIL PORTENO B": "ESTUDIANTIL PORTEÑO B",
  "ESTUDIANTIL PORTEÑO \"B\"": "ESTUDIANTIL PORTEÑO B",
  "FERROCARRIL OESTE": "FERROCARRIL OESTE A",
  "FERRO CARRIL OESTE": "FERROCARRIL OESTE A",
  "FERRO CARRIL OESTE B": "FERROCARRIL OESTE B",
  "FERROCARRIL OESTE  B": "FERROCARRIL OESTE B",
  "FERROCARRIL OESTE   B": "FERROCARRIL OESTE B",
  "FERRO CARRIL OESTE C": "FERROCARRIL OESTE C",
  "FERROCARRIL OESTE  C": "FERROCARRIL OESTE C",
  "G Y E DE LOMAS DE ZAMORA": "G.E DE LOMAS DE ZAMORA A",
  "G.Y E. DE LOMAS DE ZAMORA": "G.E DE LOMAS DE ZAMORA A",
  "G.E.LOMAS A": "G.E DE LOMAS DE ZAMORA A",
  "G Y E DE LOMAS DE ZAMORA B": "G.E DE LOMAS DE ZAMORA B",
  "G.Y E. DE LOMAS DE ZAMORA B": "G.E DE LOMAS DE ZAMORA B",
  "G.E.LOMAS B": "G.E DE LOMAS DE ZAMORA B",
  "G.E.BUENOS AIRES": "GEBA",
  "G.E.V.PARQUE": "GEVP BLANCO",
  "G.E.V.PARQUE B": "GEVP CELESTE",
  "HARRODS": "HARRODS GATH Y CHAVES",
  "SOCIEDAD HEBRAICA ARGENTINA": "HEBRAICA",
  "HURACAN DE SAN JUSTO B": "HURACAN DE SAN JUSTO BLANCO",
  "HURACAN DE SAN JUSTO A": "HURACAN DE SAN JUSTO ROJO",
  "IMPERIO JRS.": "IMPERIO BLANCO",
  "IMPERIO JRS": "IMPERIO BLANCO",
  "IMPERIO JRS. B": "IMPERIO NEGRO",
  "INDEP.DE BURZACO": "INDEPENDIENTE DE BURZACO",
  "INDEPENDIENTE DE BURZACO": "INDEPENDIENTE DE BURZACO",
  "INST.SARMIENTO B": "INSTITUCION SARMIENTO BLANCO",
  "INSTITUCION SARMIENTO B": "INSTITUCION SARMIENTO BLANCO",
  "INST.SARMIENTO A": "INSTITUCION SARMIENTO VERDE",
  "INSTITUCION SARMIENTO": "INSTITUCION SARMIENTO VERDE",
  "ITALIANO J.C.PAZ": "ITALIANO DE JOSE C PAZ",
  "JOSE HERNANDEZ": "JOSE HERNANDEZ A",
  "JUV.DE CAÑUELAS": "JUVENTUD UNIDA",
  "JUVENTUD": "JUVENTUD UNIDA",
  "CLUB VECINAL LA UNION": "LA UNION",
  "LANUS": "LANUS A",
  "LAS HERAS  A": "LAS HERAS A",
  "LAS HERAS  B": "LAS HERAS B",
  "LAS HERAS": "LAS HERAS A",
  "LOS ANDES": "LOS ANDES",
  "PREMINI INDIOS BLANCO": "LOS INDIOS DE MORENO BLANCO",
  "MINI INDIOS BLANCO": "LOS INDIOS DE MORENO BLANCO",
  "U13 INDIOS BLANCO": "LOS INDIOS DE MORENO BLANCO",
  "U15 INDIOS BLANCO": "LOS INDIOS DE MORENO BLANCO",
  "U17 INDIOS BLANCO": "LOS INDIOS DE MORENO BLANCO",
  "U19 INDIOS BLANCO": "LOS INDIOS DE MORENO BLANCO",
  "LOS INDIOS U9 BLANCO": "LOS INDIOS DE MORENO BLANCO",
  "LOS INDIOS MINI BLANCO": "LOS INDIOS DE MORENO BLANCO",
  "LOS INDIOS U13 BLANCO": "LOS INDIOS DE MORENO BLANCO",
  "LOS INDIOS U15 BLANCO": "LOS INDIOS DE MORENO BLANCO",
  "LOS INDIOS U17 BLANCO": "LOS INDIOS DE MORENO BLANCO",
  "LOS INDIOS U21 BLANCO": "LOS INDIOS DE MORENO BLANCO",
  "LOS INDIOS B": "LOS INDIOS DE MORENO BLANCO",
  "PREMINI INDIOS NEGRO": "LOS INDIOS DE MORENO NEGRO",
  "MINI INDIOS NEGRO": "LOS INDIOS DE MORENO NEGRO",
  "U13 INDIOS NEGRO": "LOS INDIOS DE MORENO NEGRO",
  "U15 INDIOS NEGRO": "LOS INDIOS DE MORENO NEGRO",
  "U17 INDIOS NEGRO": "LOS INDIOS DE MORENO NEGRO",
  "U19 INDIOS NEGRO": "LOS INDIOS DE MORENO NEGRO",
  "LOS INDIOS U13 NEGRO": "LOS INDIOS DE MORENO NEGRO",
  "LOS INDIOS U15 NEGRO": "LOS INDIOS DE MORENO NEGRO",
  "LOS INDIOS U17 NEGRO": "LOS INDIOS DE MORENO NEGRO",
  "LOS INDIOS U21 NEGRO": "LOS INDIOS DE MORENO NEGRO",
  "LOS INDIOS A": "LOS INDIOS DE MORENO NEGRO",
  "OHA MACABI": "MACABI",
  "MIDLAND FC": "MIDLAND",
  "MORON": "MORON A",
  "CLUB SOCIAL DEPORTIVO Y CULTURAL MORENO": "MORENO DE QUILMES",
  "MUNICIPALIDAD AVELLANEDA": "MUNICIPALIDAD DE AVELLANEDA",
  "MUNIC.AVELLANEDA": "MUNICIPALIDAD DE AVELLANEDA",
  "NAUTICO BUCHARDO NORTE (A)": "NAUTICO BUCHARDO A",
  "NAUTICO BUCHARDO NORTE \"A\"": "NAUTICO BUCHARDO A",
  "NAUTICO BUCHARDO NORTE": "NAUTICO BUCHARDO A",
  "NAUTICO BUCHARDO": "NAUTICO BUCHARDO A",
  "NÁUTICO BUCHARDO A": "NAUTICO BUCHARDO A",
  "NAUTICO BUCHARDO CENTRO (B)": "NAUTICO BUCHARDO B",
  "NAUTICO BUCHARDO CENTRO \"B\"": "NAUTICO BUCHARDO B",
  "NAUTICO BUCHARDO  B": "NAUTICO BUCHARDO B",
  "NAUTICO HACOAJ B": "NAUTICO HACOAJ AZUL",
  "NAUTICO HACOAJ": "NAUTICO HACOAJ BLANCO",
  "C.A. NUEVA CHICAGO": "NUEVA CHICAGO",
  "CLUB ATLETICO PAMPERO": "CLUB ATLETICO PAMPERO",
  "PAMPERO": "CLUB ATLETICO PAMPERO",
  "PEDRO ECHAGUE B": "PEDRO ECHAGUE AMARILLO",
  "PEDRO ECHAGUE": "PEDRO ECHAGUE AZUL",
  "CLUB SOCIAL Y DEPORTIVO PINOCHO BLANCO": "PINOCHO BLANCO",
  "CLUB PINOCHO": "PINOCHO",
  "CLUB SOCIAL Y DEPORTIVO PINOCHO VERDE": "PINOCHO VERDE",
  "PLATENSE B": "PLATENSE BLANCO",
  "PLATENSE \"B\"": "PLATENSE BLANCO",
  "PLATENSE A": "PLATENSE MARRON",
  "PLATENSE \"A\"": "PLATENSE MARRON",
  "PLATENSE  \"A\"": "PLATENSE MARRON",
  "PORTEÑO ATLETIC CLUB ZARATE CAMPANA": "PORTEÑO ATLETICO CLUB",
  "C S D PRESIDENTE DERQUI": "PRESIDENTE DERQUI",
  "QUILMES": "QUILMES A.C.",
  "QUILMES A.C": "QUILMES A.C.",
  "RACING": "RACING CLUB",
  "RAMOS MEJIA LTC.": "RAMOS MEJIA LTC",
  "RAMOS MEJIA LTC. B": "RAMOS MEJIA LTC B",
  "SAN FERNANDO": "SAN FERNANDO AZUL",
  "SAN FERNANDO B": "SAN FERNANDO BLANCO",
  "SAN LORENZO B": "SAN LORENZO ROJO",
  "SAN LORENZO": "SAN LORENZO AZUL",
  "SAN MIGUEL": "SAN MIGUEL",
  "SAN MIGUEL BLANCO": "SAN MIGUEL BLANCO",
  "S.I.T.A.S.": "SITAS",
  "SOC.BECCAR": "SOCIAL BECCAR",
  "CLUB SPORTIVO ESCOBAR": "SPORTIVO ESCOBAR",
  "SP.ESCOBAR": "SPORTIVO ESCOBAR",
  "SP.ALSINA ORO": "SPORTIVO ALSINA",
  "SP.VILLA BALLESTER": "SPORTIVO VILLA BALLESTER",
  "BALLESTER": "SPORTIVO VILLA BALLESTER",
  "SP.BALLESTER": "SPORTIVO VILLA BALLESTER",
  "C.A.TEMPERLEY": "TEMPERLEY",
  "CLUB ATLETICO TEMPERLEY": "TEMPERLEY",
  "U.A.I URQUIZA": "UAI URQUIZA",
  "UBA": "UNIVERSIDAD DE BUENOS AIRES",
  "UNIVERSIDAD LA MATANZA": "UNLAM A",
  "UNLAM": "UNLAM A",
  "UNITARIOS": "UNITARIOS DE MARCOS PAZ",
  "U.V.MUNRO": "UNION VECINAL DE MUNRO",
  "VILLA ADELINA": "U.V.V.ADELINA",
  "U.V.V.A. UNION VECINAL VILLA ADELINA": "U.V.V.ADELINA",
  "VARELA JUNIOR": "VARELA JRS",
  "VELEZ SARSFIELD B": "VELEZ SARSFIELD AZUL",
  "VELEZ SARSFIELD": "VELEZ SARSFIELD BLANCO",
  "VICTORIA": "VICTORIA",
  "VILLA ESPANA": "VILLA ESPAÑA",
  "VILLA GRAL. MITRE": "VILLA MITRE",
  "17 DE AGOSTO": "17 DE AGOSTO",
  "LOBOS  ATHLETIC  CLUB": "LOBOS ATHLETIC CLUB"
}
